sample,factor,factor_cn,mode,horizon,n_assets,n_periods,rank_ic_mean,rank_ic_std,rank_ic_ir,rank_ic_t,rank_ic_t_nonoverlap,rank_ic_positive_ratio,ic_mean,ic_ir,ic_t,ls_mean_bp,ls_ann_pct,ls_ir,coverage_mean,autocorr_mean,decay_rank_ic_h1,decay_rank_ic_h2,decay_rank_ic_h5,decay_rank_ic_h10,decay_rank_ic_h20
clean,momentum_60,60日动量（3个月相对涨幅）,raw,5,38,1866,-0.008193,0.28877,-0.028374,-1.225664,-0.150308,0.496785,-0.000918,-0.00303,-0.130901,13.881254,6.996152,0.040769,0.968928,0.972601,0.001082,-0.000748,-0.008193,-0.011436,-0.019184
clean,momentum_60,60日动量（3个月相对涨幅）,neutral,5,38,1866,-0.000573,0.219641,-0.00261,-0.112734,0.491453,0.510182,-0.005152,-0.02252,-0.972792,10.888088,5.487596,0.04357,0.968928,0.970563,0.002875,0.002567,-0.000573,-0.003426,-0.005502
clean,momentum_20,20日动量（1个月相对涨幅）,raw,5,38,1906,0.016124,0.266034,0.060608,2.64599,1.470808,0.539874,0.020771,0.074904,3.270126,31.837003,16.04585,0.104449,0.989643,0.928469,-0.000222,0.008495,0.016124,0.020387,0.011251
clean,momentum_20,20日动量（1个月相对涨幅）,neutral,5,38,1906,0.010068,0.202291,0.049771,2.172902,1.500621,0.526233,0.009733,0.045432,1.983449,17.041281,8.588806,0.071434,0.989643,0.924325,-0.004572,0.003599,0.010068,0.015006,0.014043
clean,reversal_5,5日反转（负 5 日涨幅）,raw,5,38,1921,-0.001504,0.25736,-0.005844,-0.256138,-0.227059,0.48152,-0.00365,-0.01387,-0.607895,-5.533327,-2.788797,-0.018852,0.997411,0.743782,0.020978,0.012247,-0.001504,-0.012615,-0.02124
clean,reversal_5,5日反转（负 5 日涨幅）,neutral,5,38,1921,0.002657,0.196122,0.013549,0.593834,-0.245701,0.510151,0.004966,0.023715,1.039396,1.557777,0.78512,0.006503,0.997411,0.738931,0.017065,0.009882,0.002657,-0.005515,-0.015255
clean,lowvol_20,低波动（负 20 日已实现波动）,raw,5,38,1906,0.006496,0.316346,0.020533,0.896427,0.29803,0.511542,-0.022225,-0.069717,-3.043708,-43.89134,-22.121235,-0.114892,0.989643,0.982677,0.028492,0.02212,0.006496,-0.00563,-0.009096
clean,lowvol_20,低波动（负 20 日已实现波动）,neutral,5,38,1906,-0.004092,0.227582,-0.017979,-0.784937,-0.688457,0.481112,-0.022995,-0.099823,-4.35807,-40.239474,-20.280695,-0.148566,0.989643,0.976605,0.016997,0.011161,-0.004092,-0.014146,-0.016783
full,momentum_60,60日动量（3个月相对涨幅）,raw,5,38,1866,-0.008193,0.28877,-0.028374,-1.225664,-0.150308,0.496785,-0.000918,-0.00303,-0.130901,13.881254,6.996152,0.040769,0.968928,0.972601,0.001082,-0.000748,-0.008193,-0.011436,-0.019184
full,momentum_60,60日动量（3个月相对涨幅）,neutral,5,38,1866,-0.000573,0.219641,-0.00261,-0.112734,0.491453,0.510182,-0.005152,-0.02252,-0.972792,10.888088,5.487596,0.04357,0.968928,0.970563,0.002875,0.002567,-0.000573,-0.003426,-0.005502
full,momentum_20,20日动量（1个月相对涨幅）,raw,5,38,1906,0.016124,0.266034,0.060608,2.64599,1.470808,0.539874,0.020771,0.074904,3.270126,31.837003,16.04585,0.104449,0.989643,0.928469,-0.000222,0.008495,0.016124,0.020387,0.011251
full,momentum_20,20日动量（1个月相对涨幅）,neutral,5,38,1906,0.010068,0.202291,0.049771,2.172902,1.500621,0.526233,0.009733,0.045432,1.983449,17.041281,8.588806,0.071434,0.989643,0.924325,-0.004572,0.003599,0.010068,0.015006,0.014043
full,reversal_5,5日反转（负 5 日涨幅）,raw,5,38,1921,-0.001504,0.25736,-0.005844,-0.256138,-0.227059,0.48152,-0.00365,-0.01387,-0.607895,-5.533327,-2.788797,-0.018852,0.997411,0.743782,0.020978,0.012247,-0.001504,-0.012615,-0.02124
full,reversal_5,5日反转（负 5 日涨幅）,neutral,5,38,1921,0.002657,0.196122,0.013549,0.593834,-0.245701,0.510151,0.004966,0.023715,1.039396,1.557777,0.78512,0.006503,0.997411,0.738931,0.017065,0.009882,0.002657,-0.005515,-0.015255
full,lowvol_20,低波动（负 20 日已实现波动）,raw,5,38,1906,0.006496,0.316346,0.020533,0.896427,0.29803,0.511542,-0.022225,-0.069717,-3.043708,-43.89134,-22.121235,-0.114892,0.989643,0.982677,0.028492,0.02212,0.006496,-0.00563,-0.009096
full,lowvol_20,低波动（负 20 日已实现波动）,neutral,5,38,1906,-0.004092,0.227582,-0.017979,-0.784937,-0.688457,0.481112,-0.022995,-0.099823,-4.35807,-40.239474,-20.280695,-0.148566,0.989643,0.976605,0.016997,0.011161,-0.004092,-0.014146,-0.016783
