sample,factor,mode,horizon,bucket,mean_ret,mean_ret_bp,ann_ret_pct,win_rate,n_periods
clean,momentum_60,raw,5,Q1,0.002217,22.169244,11.173299,0.524652,1866
clean,momentum_60,raw,5,Q2,0.003273,32.729741,16.495789,0.538585,1866
clean,momentum_60,raw,5,Q3,0.001141,11.409363,5.750319,0.507503,1866
clean,momentum_60,raw,5,Q4,0.002993,29.930154,15.084798,0.533762,1866
clean,momentum_60,raw,5,Q5,0.003605,36.050497,18.169451,0.515541,1866
clean,momentum_60,raw,5,LS(Q5-Q1),0.001388,13.881254,6.996152,0.517149,1866
clean,momentum_60,neutral,5,Q1,0.002352,23.522614,11.855397,0.515541,1866
clean,momentum_60,neutral,5,Q2,0.001671,16.712461,8.42308,0.503215,1866
clean,momentum_60,neutral,5,Q3,0.002773,27.732617,13.977239,0.524116,1866
clean,momentum_60,neutral,5,Q4,0.003212,32.120184,16.188573,0.533762,1866
clean,momentum_60,neutral,5,Q5,0.003441,34.410702,17.342994,0.530547,1866
clean,momentum_60,neutral,5,LS(Q5-Q1),0.001089,10.888088,5.487596,0.512862,1866
clean,momentum_20,raw,5,Q1,0.001563,15.629429,7.877232,0.527282,1906
clean,momentum_20,raw,5,Q2,0.000996,9.959948,5.019814,0.506296,1906
clean,momentum_20,raw,5,Q3,0.002507,25.067575,12.634058,0.53043,1906
clean,momentum_20,raw,5,Q4,0.003074,30.739333,15.492624,0.525708,1906
clean,momentum_20,raw,5,Q5,0.004747,47.466433,23.923082,0.532004,1906
clean,momentum_20,raw,5,LS(Q5-Q1),0.003184,31.837003,16.04585,0.532529,1906
clean,momentum_20,neutral,5,Q1,0.001902,19.024726,9.588462,0.516264,1906
clean,momentum_20,neutral,5,Q2,0.001657,16.568272,8.350409,0.517314,1906
clean,momentum_20,neutral,5,Q3,0.002422,24.218921,12.206336,0.522036,1906
clean,momentum_20,neutral,5,Q4,0.00333,33.303123,16.784774,0.525708,1906
clean,momentum_20,neutral,5,Q5,0.003607,36.066007,18.177268,0.519937,1906
clean,momentum_20,neutral,5,LS(Q5-Q1),0.001704,17.041281,8.588806,0.53148,1906
clean,reversal_5,raw,5,Q1,0.003293,32.929461,16.596448,0.513274,1921
clean,reversal_5,raw,5,Q2,0.00227,22.700138,11.44087,0.51848,1921
clean,reversal_5,raw,5,Q3,0.002352,23.517232,11.852685,0.521603,1921
clean,reversal_5,raw,5,Q4,0.002833,28.325686,14.276146,0.531494,1921
clean,reversal_5,raw,5,Q5,0.00274,27.396134,13.807652,0.517439,1921
clean,reversal_5,raw,5,LS(Q5-Q1),-0.000553,-5.533327,-2.788797,0.489849,1921
clean,reversal_5,neutral,5,Q1,0.003375,33.751203,17.010606,0.515877,1921
clean,reversal_5,neutral,5,Q2,0.002263,22.627619,11.40432,0.523686,1921
clean,reversal_5,neutral,5,Q3,0.001791,17.908151,9.025708,0.526288,1921
clean,reversal_5,neutral,5,Q4,0.002467,24.674282,12.435838,0.516918,1921
clean,reversal_5,neutral,5,Q5,0.003531,35.30898,17.795726,0.529932,1921
clean,reversal_5,neutral,5,LS(Q5-Q1),0.000156,1.557777,0.78512,0.50026,1921
clean,lowvol_20,raw,5,Q1,0.005479,54.792083,27.61521,0.524659,1906
clean,lowvol_20,raw,5,Q2,0.003599,35.99242,18.14018,0.524659,1906
clean,lowvol_20,raw,5,Q3,0.001561,15.609061,7.866967,0.513641,1906
clean,lowvol_20,raw,5,Q4,0.001528,15.281428,7.70184,0.506296,1906
clean,lowvol_20,raw,5,Q5,0.00109,10.900744,5.493975,0.516264,1906
clean,lowvol_20,raw,5,LS(Q5-Q1),-0.004389,-43.89134,-22.121235,0.476915,1906
clean,lowvol_20,neutral,5,Q1,0.005821,58.208466,29.337067,0.562434,1906
clean,lowvol_20,neutral,5,Q2,0.002763,27.62717,13.924094,0.512592,1906
clean,lowvol_20,neutral,5,Q3,0.001872,18.721787,9.435781,0.505247,1906
clean,lowvol_20,neutral,5,Q4,0.001087,10.86546,5.476192,0.510493,1906
clean,lowvol_20,neutral,5,Q5,0.001797,17.968992,9.056372,0.51469,1906
clean,lowvol_20,neutral,5,LS(Q5-Q1),-0.004024,-40.239474,-20.280695,0.461175,1906
full,momentum_60,raw,5,Q1,0.002217,22.169244,11.173299,0.524652,1866
full,momentum_60,raw,5,Q2,0.003273,32.729741,16.495789,0.538585,1866
full,momentum_60,raw,5,Q3,0.001141,11.409363,5.750319,0.507503,1866
full,momentum_60,raw,5,Q4,0.002993,29.930154,15.084798,0.533762,1866
full,momentum_60,raw,5,Q5,0.003605,36.050497,18.169451,0.515541,1866
full,momentum_60,raw,5,LS(Q5-Q1),0.001388,13.881254,6.996152,0.517149,1866
full,momentum_60,neutral,5,Q1,0.002352,23.522614,11.855397,0.515541,1866
full,momentum_60,neutral,5,Q2,0.001671,16.712461,8.42308,0.503215,1866
full,momentum_60,neutral,5,Q3,0.002773,27.732617,13.977239,0.524116,1866
full,momentum_60,neutral,5,Q4,0.003212,32.120184,16.188573,0.533762,1866
full,momentum_60,neutral,5,Q5,0.003441,34.410702,17.342994,0.530547,1866
full,momentum_60,neutral,5,LS(Q5-Q1),0.001089,10.888088,5.487596,0.512862,1866
full,momentum_20,raw,5,Q1,0.001563,15.629429,7.877232,0.527282,1906
full,momentum_20,raw,5,Q2,0.000996,9.959948,5.019814,0.506296,1906
full,momentum_20,raw,5,Q3,0.002507,25.067575,12.634058,0.53043,1906
full,momentum_20,raw,5,Q4,0.003074,30.739333,15.492624,0.525708,1906
full,momentum_20,raw,5,Q5,0.004747,47.466433,23.923082,0.532004,1906
full,momentum_20,raw,5,LS(Q5-Q1),0.003184,31.837003,16.04585,0.532529,1906
full,momentum_20,neutral,5,Q1,0.001902,19.024726,9.588462,0.516264,1906
full,momentum_20,neutral,5,Q2,0.001657,16.568272,8.350409,0.517314,1906
full,momentum_20,neutral,5,Q3,0.002422,24.218921,12.206336,0.522036,1906
full,momentum_20,neutral,5,Q4,0.00333,33.303123,16.784774,0.525708,1906
full,momentum_20,neutral,5,Q5,0.003607,36.066007,18.177268,0.519937,1906
full,momentum_20,neutral,5,LS(Q5-Q1),0.001704,17.041281,8.588806,0.53148,1906
full,reversal_5,raw,5,Q1,0.003293,32.929461,16.596448,0.513274,1921
full,reversal_5,raw,5,Q2,0.00227,22.700138,11.44087,0.51848,1921
full,reversal_5,raw,5,Q3,0.002352,23.517232,11.852685,0.521603,1921
full,reversal_5,raw,5,Q4,0.002833,28.325686,14.276146,0.531494,1921
full,reversal_5,raw,5,Q5,0.00274,27.396134,13.807652,0.517439,1921
full,reversal_5,raw,5,LS(Q5-Q1),-0.000553,-5.533327,-2.788797,0.489849,1921
full,reversal_5,neutral,5,Q1,0.003375,33.751203,17.010606,0.515877,1921
full,reversal_5,neutral,5,Q2,0.002263,22.627619,11.40432,0.523686,1921
full,reversal_5,neutral,5,Q3,0.001791,17.908151,9.025708,0.526288,1921
full,reversal_5,neutral,5,Q4,0.002467,24.674282,12.435838,0.516918,1921
full,reversal_5,neutral,5,Q5,0.003531,35.30898,17.795726,0.529932,1921
full,reversal_5,neutral,5,LS(Q5-Q1),0.000156,1.557777,0.78512,0.50026,1921
full,lowvol_20,raw,5,Q1,0.005479,54.792083,27.61521,0.524659,1906
full,lowvol_20,raw,5,Q2,0.003599,35.99242,18.14018,0.524659,1906
full,lowvol_20,raw,5,Q3,0.001561,15.609061,7.866967,0.513641,1906
full,lowvol_20,raw,5,Q4,0.001528,15.281428,7.70184,0.506296,1906
full,lowvol_20,raw,5,Q5,0.00109,10.900744,5.493975,0.516264,1906
full,lowvol_20,raw,5,LS(Q5-Q1),-0.004389,-43.89134,-22.121235,0.476915,1906
full,lowvol_20,neutral,5,Q1,0.005821,58.208466,29.337067,0.562434,1906
full,lowvol_20,neutral,5,Q2,0.002763,27.62717,13.924094,0.512592,1906
full,lowvol_20,neutral,5,Q3,0.001872,18.721787,9.435781,0.505247,1906
full,lowvol_20,neutral,5,Q4,0.001087,10.86546,5.476192,0.510493,1906
full,lowvol_20,neutral,5,Q5,0.001797,17.968992,9.056372,0.51469,1906
full,lowvol_20,neutral,5,LS(Q5-Q1),-0.004024,-40.239474,-20.280695,0.461175,1906
